Business Name,Doctor Name,City,State,Cost,Telemedicine,Specialties,Source
Axcella Therapeutics,"Margaret Koziel, MD",Cambridge,MA,,,,AC
Tonix Pharmaceuticals,"Seth Lederman, MD",NY,NY,,,,AC
The institute functional medicine,"Serena M. Satcher, MD",Roswell,GA,,,,AC
Dysautonomia Clinic,"Svetlana Blitshteyn, MD",Bufallo ,NY,out of pocket?,Y,"gut health, dysautonomia",AC
,Dr. Jacob Teitelbaum MD,,HI,,,,AC
MyGoToDoc,"Dr. Syed Haider, MD",,remote,,Y,retired internist,AC
RHTM,"Dr. Jennifer Curtin, MD",,remote,"$1 first month, $19 next month, $69 to add one lab order or one prescription, $119 for both",Y,Internist/ Chinese,AC
"incelldx, physician consulting service ""Chronic COVID Treatment Center""",Dr. Bruce Patterson,,remote,,Y,,AC
"NHS, community clinic",Dr. Tim Robinson,,NY,$1000+ NA,Y,Pathologist,AC
Mount Sianai,David Putrino PT PhD,,NY,,,,AC
Brown University,"Dr. Francesca Beaudoin MD, MS, PhD",Worchester,MA,,just research?,,AC
Long Covid NP,"Marian Allen, RN, MSN, FNP-C",,"FL, CO, AZ, WA",299,just research?,emergency physician and clinical epidemiologist,AC
"NHS, British Medical Association",Dr. David Strain MD,,,"NP- $199, FU- $99","Y (Az, Colorado, Wash, Fl)",Integrative medicine,AC
Neuro COVID-19 Clinic,Dr. Igor Koralnik MD,Chicago,IL,,just research?,"genetic study of Long Covid for prevention, Neuroinfectious Disease",AC
"University of California, San Francisco",Dr. Lekshmi Santhosh,San Francisco,CA,,Y,Neuroinfectious Disease,AC
*closed - George Washington Medical Faculty Associates COVID-19 Recovery Clinic,Dr. Aileen Chang MD,Washington,DC,,,Internal Medicine,AC
Amen Clinics,,Walnet Creek,CA,,,internist,AC
Parsely Health,,remote,,insurance,,root-cause resolution medicine,AC
NYU Langone,,,NY,,,,AC
UCM Telehealth program,,,,,,,AC
Cleveland Clinic,Dr. Christina Shin,,,$12-$14/month as of 7/1/22,,,AC
Dr. Daniel Pomona,,,,,,anesthesiologist and pain management,AC
Circle Health,Dr. Greg Vanichkachorn,,MA,,,,AC
Circle Medical,,,28 states,,?,,AC
Ravel Health,,,,,Y,,AC
Cognitive fx,"Alina Fong, PhD, Jaycie Loewen. Kaydee Severs",,UT,,,,AC
Kavli Institute of Neuroscience at Yale University,"Arman Fesharaki-Zadeh, MD, PhD",,CT,OOP 3-13k but many of the CPT Codes utilized during EPIC Treatment may be covered by your insurance plan,No,Post Concussion,AC
Integrative Health Institute,Bryan Glick DO,,AZ,,Y,"Psychiatry, Neurology",AC
LifeScapePremier,"Susan S. Wilder, MD",,AZ,,,alternative,AC
Optimal Circadian Health,,,,,,,AC
ModernHealthClinic,"Anna Wolyn, MD",,,,,transformation coach and Family Medicine physician,AC
Post Covid by rtMed,"Ash Dobbin-Mohammed, NP",,,,,,AC
Arizona Wellness Medicine,"Emily Parke, MD",,AZ,,Y,,AC
Roots Deep Functional Pharm,Christine Lewis,,"AZ, KA, MT",,,,AC
AZ Integrative Medicine/Spa,"Jyoti Patel, MD",,AZ,,,,AC
Powell Clinic,"Margaret Powell, DC",,AZ,,,,AC
Intergrative Medicine of AZ,"Cheri Diane Dersam, MD",,AZ,,,,AC
Benehealth,"Lauren Bachman, DNP",,AZ,,,,AC
,"Lisa O. Ballehr, DO",,AZ,,,,AC
Sprouts Health,"Zhanna Tarjeft, NP",,AZ,,,,AC
Individualized/Personal Team,"Chad Campbell, PA-C",,AZ,,,,AC
Your Wellness MD,"Karla Birkholz, MD",,AZ,,,,AC
POTS Care,"Diana Driscoll, OD",,TX,,,,AC
Scottsdale Private Physicians,"Helene Wechsler, MD",,,,,Doctor of Optometry,AC
End Fatigue,Dr. Jacob Teitelbaum MD,,HI,,,,AC
Mount Sianai,"David F Putrino, PhD (Australian)",,NY,,Retired,Internist,AC
"Mater Misericordiae University Hospital, and Associate Professor at UCD School of Medicine",Prof Jack Lambert,,"Dublin, Ireland",,,"Physical Therapy, PhD Neuroscience",AC
Mount Sinai-Union Square,Center for Post-COVID Care,,,,,Infectious Diseases and Genitourinary Medicine,AC
,Dr. Clare Rayner,,,,,,AC
,Dr. Daniel Pompa,,,,,Occupational Therapist,AC
Johns Hopkins Children's Center Chronic Fatigue Clinic (Visser-Van-Campen-Rowe Team),Dr. Peter Rowe,,MD,,,Chiropractor,AC
"Center for Complex Diseases, Center for Healing Neurology","Dr. David Lyons Kaufman, MD",,,,,,AC
Emeritus at Hunter-Hopkins Center,"Charles W. Lapp, MD",,,,,Internal Medicine,AC
Sierra Internal Medicine,,,,,,,AC
,Dr. Mobeen Syed,,,,,,AC
,Dr. Aileen Chang MD,,,,,,AC
,Dr. Evan Hirsch MD,,,,,,AC
Dysautonomia Clinic,Svetlana Blitshteyn,,NY,,,,AC
RTHM,"Jennifer Curtin, MD",,"AZ, CA, FL, NY, Oregon, Virginia, Washington",,,,AC
,"Jeffrey Bland, MD",,,1000,Y,post-viral,AC
Long Haulers Telemedical,,,,,,,AC
Parsely Health,"Robin Berzin, MD",,,,Y,,AC
Hoffman Centre,,,,,,,AC
MedHelp,Dr. Jordan Vaughn,Birmingham,AL,,,"Micro Clotting Testing, Triple Coagulation Therapy",AC
Aila Health,,,,,,,AC
Detox For Life,,Scottsdale,AZ,,,"EBOO, Colon Hydro., IVs, Ozone Sauna, Sauna, etc.",Covid Castaways
Envita Medical Center,,Scottsdale,AZ,$$$,,"IVs, Cancer, Chronic Illness, Lyme, Integrative, etc.",Covid Castaways
,"Mia Darling, ND",Scottsdale,AZ,,,"Lyme Disease, Holistic/Integrative",Covid Castaways
Prana IV Therapy,,Scottsdale,AZ,$$,,IVs (Ozone),Covid Castaways
The Hormone Zone,,Scottsdale,AZ,,,"EBOO, Hormone Replacement Therapy, IVs (Ozone), etc.",Covid Castaways
,Dr. Bart Sills,Fort Smith,AR,$450/3 MNs,Y,"MDVIP (24/7), Primary",Covid Castaways
Total Rehab,,Fort Smith,AR,,,Rehabilitation,Covid Castaways
AMA Regenerative Med. & S.,,Santa Ana +,CA,$$-$$$,Y,"EBOO, Hyperbaric, IVs (Ozone), Skincare, etc.",Covid Castaways
,Dr. Yo,San Carlos ?,CA,,Y,"Long Haulers, Cytokine & Chemokine Testing",Covid Castaways
Synergy O3,,Encinitas,CA,,,"EBOO or EBO2, Integrative",Covid Castaways
Affordable Hyperbaric Solut.,,Denver,CO,$,,Hyperbaric Rentals,Covid Castaways
Boulder Biologics,,Boulder,CO,$$$,Y,Bone Marrow Stem Cells,Covid Castaways
,"Adam Breiner, ND",Fairfield,CT,$$$,,"IVs, Biomag, Hyperbaric, Neurofeedback, PEMF, etc.",Covid Castaways
,Dr. Steven Phillips,Wilton,CT,$$$,,"Lyme Disease, Chronic Illness",Covid Castaways
,Dr. Norman Gaylis,Aventura,FL,Insurance,Y,"Long Haul Covid, Arthritis, Rheumatologist",Covid Castaways
Hyperbaric Medical Solutions,,Fort Lauderdale,FL,$$$,,"Medical Grade Hyperbaric, IVs",Covid Castaways
Institute of Regenerative Med.,,Boca Raton,FL,$$$,,"EBO2, IVs, Cellular Repair, Degenerative, Stem Cells",Covid Castaways
LifeWorks Wellness Center,,Clearwater,FL,$$$,,"EBOO, Hyperbaric, IVs, Ozone Sauna, PEMF, Testing, etc.",Covid Castaways
Lymph Linda,,West Palm Beach,FL,$$,,Lympahtic Massage,Covid Castaways
,"Michele Millen, ND",Stuart,FL,$$,,"Alternative Analysis, Homepathy, PEMF, etc.",Covid Castaways
Radiance Age Management,,Palm Beach Gardens,FL,,,"EBO2, Anti-Aging, etc.",Covid Castaways
Tringali Vibrant Health,,West Palm Beach (+1?),FL,,,"EBO2, IVs, Ozone Sauna, PEMF, Peptides, etc.",Covid Castaways
Atlanta Ozone Clinic,,Chicago,IL,,,Long Haul Covid,Covid Castaways
,"Oscar Sierra, LAc",Chicago,IL,,,Neurologist,Covid Castaways
Pulse Centers,,Northbrook,IL,,,Hyperbaric Oxygen,Covid Castaways
Pulsed Ozone,,Chicago,IL,,,Long Haul Covid/Post Covid Clinic,Covid Castaways
,"Karyn Shanks, MD",Decatur,IL,,,"IVs (10 Pass Ozone), HOCATT, Peptides, etc.",Covid Castaways
,Eric P Ecklund-Johnson PhD ,Kansas City,KS,,,Neuropsychologist,Covid Castaways
,Dr. Micholee Polsak,Kansas City,KS,,,"Primary Care, Osteopathy",Covid Castaways
,Dr. Rigoberto Ramirez,Overland Park,KS,,,Cardiology,Covid Castaways
,Dr. Swathy Chandrashekhar,Kansas City,KS,,,Neurology,Covid Castaways
Hyperbaric Medical Solutions,,Randolph,MA,$$$,,"Medical Grade Hyperbaric, IVs",Covid Castaways
Mass Gen Covid-19 Survivors,,Boston,MA,,,Long Haul Covid/Post Covid Clinic,Covid Castaways
American Regenerative Clinic,,Bingham Farms,MI,,,"EBOO, Ozone, PRP, etc.",Covid Castaways
One Agora Health,,Bloomington,MN,,,"IV Ozone, Acu., Lyme, Neurobiofeedback, Peptides, etc.",Covid Castaways
,"Christine White, ND",Missoula,MT,,,"IVs, Pain, etc.",Covid Castaways
,"Margaret Coffey, ND",Missoula,MT,,,"IVs, Pain, etc.",Covid Castaways
Aim Clinic,,Exeter,NH,$$$,,"IVs (Ozone), Autoimmunity, EBO2, Lyme, PEMF, etc.",Covid Castaways
New Jersey Regenerative Ins.,,Cedar Knolls,NJ,,,"IVs (Ozone/UBI), Regenerative, Stem Cells, etc.",Covid Castaways
"Micronutrient Infusion Serv,",,Alburquerque,NM,$$,,"IVs (Ozone), Ozone Sauna, Allergy Testing, etc.",Covid Castaways
AAA & Wellness,,Patchogue (Su),NY,5 for $375,,"NAET, etc.",Covid Castaways
Covid Castaways,,Long Island (Su),NY,'-,,Long Haul Covid & Vaccine Injury Support,Covid Castaways
,Dr. Brianne Navetta-Modrov,Commack (Su),NY,Insurance,,"Allergies, Immunology, Blood Tests",Covid Castaways
,Dr. Eric Seigel,Commack (Su),NY,$150-$200,,"Trigger Point, Pain Manage., Men's Health, etc.",Covid Castaways
,Dr. Faiz Khan,Syosset (Su),NY,$800 Intake,,"IV (Ozone), Integrative Medicine",Covid Castaways
,Dr. Lilly Steel,Riverhead (Su),NY,$432/3 MNs,,"MDVIP (24/7), Primary, Prescribing",Covid Castaways
,Dr. Susan Levine,Manhattan,NY,$$,,"Infectious Disease, Chronic Fatigue, Post Viral",Covid Castaways
,Dr. Thuy T. Nguyen,Stony Brook (Su),NY,Ins./$150,,"Alternative (LED, etc.), Eastern Meidicine, tDCS, etc.",Covid Castaways
,Dr. Trang Nguyen,Southampton (Su),NY,150,,Osteopathy,Covid Castaways
,Dr. Wayne Bellucci,Riverhead (Su),NY,Insurance,,Pulmonology,Covid Castaways
Hamptons Float,,Water Mill (Su),NY,$$,,"Calming, Float Tank, Sauna, Sensory Deprivation, Relax.",Covid Castaways
Hyperbaric Medical Solutions,,"Medford, NY, Woodbury",NY,$250 approx,,"Medical Grade Hyperbaric, etc.",Covid Castaways
Integrative Family Ac. & MT,,Smithtown (Su),NY,$$,,"Blood/Wet Cupping, Acupuncture, Cupping, Massage, etc.",Covid Castaways
,"Jennifer Baer, NP",Hudson & Latham,NY,$$-$$$,,"IVs (Ozone), Chronic Illness, PEMF, Testing, etc.",Covid Castaways
,John Carroll,Manhattan,NY,200,,Healer,Covid Castaways
,"Judy Demitrack, RN",East Hampton (Su),NY,75,,Ondamed,Covid Castaways
,Karin Auwaerter,Sag Harbor (Su),NY,130,,Craniosacral,Covid Castaways
Leda Medical,,Manhattan,NY,$$$-$$$$,,"EBO2, Chronic Illness, Exosomes, IVIG, Lyme, SOT, etc.",Covid Castaways
Liondale Medical,,Manhattan,NY,$$$-$$$$,,"IVs (10 Pass Ozone), Integrative, etc.",Covid Castaways
,"Mary Beth Armstrong, LAc",Sag Harbor (Su),NY,125,,"Acupuncture, Cupping, Massage, Body Movements, etc.",Covid Castaways
Metro Physcial Therapy,,Ridge (Su),NY,$-$$,,Laser Therapy,Covid Castaways
,"Michael J. DiMaio, DC",Manorville (Su),NY,75,,"Atlas Orthogonal Chiropractor, Activator",Covid Castaways
Monunt Sinai Post Covid,,Manhattan,NY,,,Post Covid (Must have + on test),Covid Castaways
Peconic Family Medicine,,Quogue (Su),NY,Insurance,,Primary Care,Covid Castaways
Pulmonary Wellness Found.,,Manhattan,NY,,,Pulmonary Rehab,Covid Castaways
Rohde Wellness,,'-,NY,200,,Alternative Analysis (EAV),Covid Castaways
"Scott Rosa, DC",,"Rock Hill, NY (Sul)",NY,$$$$,,Atlas Orthogonal Chiropractor,Covid Castaways
STANDwellness,,Water Mill (Su),NY,$160 - Other,,"DNA, Biogmag, PEMF, Sauna, Nutrition, etc.",Covid Castaways
Stony Brook Post Covid,,Commack (Su),NY,Insurance,,"Long Haul Covid/Post Covid Clinic, Testing",Covid Castaways
Stram Center,,Delmar (Alb),NY,$$,,"IVs, Pain, Chronic Illness, Acupuncture, etc.",Covid Castaways
The Morrison Center,,Manhattan & Water Mill,NY,$$$,,"IVs, PEMF, Biomag, Prescribing, Peptides, etc.",Covid Castaways
Vibeke Seelye,,Bridgehampton,NY,$$,,Colonics (Colon Hydrotherapy),Covid Castaways
,Dr. Rashid Buttar (DO),Mooresville,NC,,,"IVs (Ozone), Chronic Illness, Hyperbaric, Stroke, etc.",Covid Castaways
Healing w/Hyperbarics of N.D.,,Fargo,ND,,,Hyperbaric Oxygen,Covid Castaways
,Dr. Elliot Michel,Tarentum & New Castle,PA,Insurance,,Neurology,Covid Castaways
,Dr. Mikhail J. Artamonov,Sciota,PA,,,"Extracorporeal Blood Purification (Ozone), IV (Ozone), etc.",Covid Castaways
,John Barnes,Malvern,PA,,,Myofascial Release,Covid Castaways
Meeting Point Health,,Philadelphia,PA,,,"IVs (Ozone), Integrative, Regenerative, etc.",Covid Castaways
Stem Cells Philadelphia,,Philadelphia,PA,,,"IVs (Ozone), Acupuncture, Regenerative, Stem Cells, etc.",Covid Castaways
,Dr. Wendell Hoffman,Sioux Falls,SD,,,Infectious Diseases,Covid Castaways
Midwest Mild Hyperbarics,,Black Hawk,SD,,,Hyperbaric Oxygen,Covid Castaways
,Meg Richichi,Charleston,SC,,,"Autoimmunity, GI Issues, Hormones, Infertility, Pain, etc.",Covid Castaways
Upstate Med Spa LLC,,Greer,SC,$$$,,"EBOO, IVs, etc.",Covid Castaways
Compass Cellular Healing,,Nashville,TN,,,"EBO2, 10 Pass Ozone, Auto Immune, Lyme, Peptides, etc.",Covid Castaways
Blissful Waters Float Center,,The Woodlands,TX,$$,,"Calming, Float Tank, Sensory Deprivation, Relaxation",Covid Castaways
,Dr. Ankur Khosla,The Woodlands,TX,Insurance,,"Chronic Pain, Spinal Cord Stimulation",Covid Castaways
,Dr. Felicity Mack,Houston,TX,Insurance,,Primary,Covid Castaways
,Dr. Kia Eldred,Houston,TX,,,Neuro Optometrist,Covid Castaways
,Dr. Lewis Clarke,Webster,TX,,,"Neupanex, Neuro Diseases, Spine, Stokes, TBI, etc.",Covid Castaways
,Dr. Monica Gutierrez,San Antonio,TX,,,"Post Covid, Brain Injury, Stroke",Covid Castaways
Root Causes Medicine,,San Antonio,TX,,,"EBOO, Cryotherpay, IVs, Stem Cells, etc.",Covid Castaways
,"Tiffany Kristensen, LAc",Spring,TX,,,"Acupuncture, Cupping, Electric Stim, Herbs",Covid Castaways
Docere Clinics,,Park City,UT,,,"EBO2, Stem Cells, etc.",Covid Castaways
South Jordan Chiro. & Well.,,South Jordan,UT,,,Hyperbaric Oxygen,Covid Castaways
,Dr. David Kaufman,Seattle,WA,$$$,,"Complex Diseases, Internal, Chronic Ill., MCAS, CFS, etc.",Covid Castaways
,Dr. Erik R. Armitano,Kirkland,WA,,,"Complex Regional Pain Syndrome, Autonomic Disorders ",Covid Castaways
Vigor Natural Health Clinic,,Vancouver,WA,,,"IVs (Ozone), etc.",Covid Castaways
,Angela Howard,Oak Creek,WI,,,"Detox, Gut, Nutrtion",Covid Castaways
,Dr. Steven Meress,Fond du Lac,WI,,,"IVs, Acupuncture, Alternative Analysis, Hyperbaric, etc.",Covid Castaways
University of Alabama at Birmingham COVID Respiratory Clinic,,,AL,,,,LH Advocacy Project
Dignity Health COVID-19 and Chronic Illness Recovery and Reconditioning Program,,,AL,,,,LH Advocacy Project
Dignity Health COVID-19 and Chronic Illness Recovery and Reconditioning Program,,,AL,,,,LH Advocacy Project
Results Physiotherapy Post-Covid Rehabilitation,,,AL,,,,LH Advocacy Project
Results Physiotherapy Post-Covid Rehabilitation,,,AL,,,,LH Advocacy Project
Results Physiotherapy Post-Covid Rehabilitation,,,AL,,,,LH Advocacy Project
Dignity Health COVID-19 and Chronic Illness Recovery and Reconditioning program,,,AK,,,,LH Advocacy Project
Dignity Health COVID-19 and Chronic Illness Recovery and Reconditioning program,,,AK,,,,LH Advocacy Project
Dignity Health COVID-19 and Chronic Illness Recovery and Reconditioning program,,,AK,,,,LH Advocacy Project
Dignity Health COVID-19 and Chronic Illness Recovery and Reconditioning program,,,AK,,,,LH Advocacy Project
Post Covid Rehabilitation Bartlett Hospital- Juneau,,,AK,,,,LH Advocacy Project
,,,AS,,,,LH Advocacy Project
Rehabilitation Hospital of Northern Arizona,,,AZ,,,,LH Advocacy Project
RX-O2 Hyperbaric Clinic,,,AZ,,,,LH Advocacy Project
Mountain Valley Regional Rehabilitation Hospital,,,AZ,,,,LH Advocacy Project
Banner Health Long COVID Treatment Program,,,AZ,,,,LH Advocacy Project
MANA Medical Associates of Northwest Arkansas Post COVID-19 Recovery Program,,,AR,,,,LH Advocacy Project
Stanford Post-Acute COVID-19 Syndrome (PACS) Clinic,,,CA,,,,LH Advocacy Project
St. Jude Medical Center Post-COVID Rehabilitation Program,,,CA,,,,LH Advocacy Project
Mission Heritage Medical Group Post Covid Clinic,,,CA,,,,LH Advocacy Project
Mission Heritage Medical Group Post Covid Clinic,,,CA,,,,LH Advocacy Project
Loma Linda University Health COVID-19 Heart Clinic,,,CA,,,,LH Advocacy Project
Cedars-Sinai COVID-19 Recovery Program,,,CA,,,,LH Advocacy Project
Cedars-Sinai COVID-19 Recovery Program,,,CA,,,,LH Advocacy Project
Cedars-Sinai Post-COVID-19 Cardiology Clinic,,,CA,,,,LH Advocacy Project
Children’s Hospital Los Angeles Long COVID Recovery Care,,,CA,,,,LH Advocacy Project
Keck Medicine of USC COVID Recovery Clinic,,,CA,,,,LH Advocacy Project
UCLA Post-COVID Clinic,,,CA,,,,LH Advocacy Project
Stanford Health Care CROWN Clinic ,,,CA,,,,LH Advocacy Project
Pomona Valley Hospital Medical Center (PVHMC) Post-COVID-19 Recovery Program,,,CA,,,,LH Advocacy Project
UC Davis Health Post-COVID-19 Clinic,,,CA,,,,LH Advocacy Project
PRN Physical Therapy / PACER Program,,,CA,,,,LH Advocacy Project
PRN Physical Therapy / PACER Program,,,CA,,,,LH Advocacy Project
PRN Physical Therapy / PACER Program,,,CA,,,,LH Advocacy Project
PRN Physical Therapy / PACER Program,,,CA,,,,LH Advocacy Project
PRN Physical Therapy / PACER Program,,,CA,,,,LH Advocacy Project
PRN Physical Therapy / PACER Program,,,CA,,,,LH Advocacy Project
Sharp Allison deRose Rehabilitation Center COVID-19 Recovery Program,,,CA,,,,LH Advocacy Project
UC San Diego Health Post-COVID Care Clinic,,,CA,,,,LH Advocacy Project
Scripps Health COVID Recovery Program,,,CA,,,,LH Advocacy Project
Scripps Health COVID Recovery Program,,,CA,,,,LH Advocacy Project
UCSF OPTIMAL Clinic,,,CA,,,,LH Advocacy Project
Atlantis Physical Therapy COVID-19 Rehabilitation Program,,,CA,,,,LH Advocacy Project
Valley Comprehensive Outpatient Rehabilitation Facility (CORF),,,CA,,,,LH Advocacy Project
UCI Health COVID Recovery Service,,,CA,,,,LH Advocacy Project
UCI Health COVID Recovery Service,,,CA,,,,LH Advocacy Project
Aila Health Post Covid Virtual Clinic,,,CA,,,,LH Advocacy Project
UC Health - University of Colorado Hospital Post-Intensive Care Clinic,,,CO,,,,LH Advocacy Project
Colorado COVID Care,,,CO,,,,LH Advocacy Project
National Jewish Health Center for Post-COVID-19 Care and Recovery,,,CO,,,,LH Advocacy Project
National Jewish Health for Kids,,,CO,,,,LH Advocacy Project
Family Health West Post-COVID Recovery Team,,,CO,,,,LH Advocacy Project
Northern Colorado Rehabilitation Hospital (NCRH)Northern Colorado Long Term Acute Hospital (NCLTAH),,,CO,,,,LH Advocacy Project
Rehab Without Walls NeuroSolutions Post COVID / PICS Program,,,CO,,,,LH Advocacy Project
Aila Health Post Covid Virtual Clinic,,,CO,,,,LH Advocacy Project
UConn Health Long-COVID Recovery Center,,,CT,,,,LH Advocacy Project
Hartford Healthcare COVID Recovery Center,,,CT,,,,LH Advocacy Project
Middlesex Health Post-COVID Rehabilitation,,,CT,,,,LH Advocacy Project
Post COVID-19 Recovery Program at Yale Winchester Chest Clinic,,,CT,,,,LH Advocacy Project
Yale New Haven Children’s Post-COVID Comprehensive Care Program ,,,CT,,,,LH Advocacy Project
UC Davis Health Post-COVID-19 Clinic,,,CT,,,,LH Advocacy Project
WMCHealth Post-COVID-19 Recovery Program,,,CT,,,,LH Advocacy Project
Stamford Health Center for Integrative Medicine & Wellness COVID-19 Recovery Program,,,CT,,,,LH Advocacy Project
Gaylord Specialty Healthcare Post-COVID Outpatient Center,,,CT,,,,LH Advocacy Project
Nuvance COVID-19 Recovery Program,,,CT,,,,LH Advocacy Project
ChristianaCare Center for Virtual Health COVID Recovery Clinic ,,,DE,,,,LH Advocacy Project
Beebe Medical Group COVID Positive Care Center,,,DE,,,,LH Advocacy Project
Children’s National Hospital Pediatric Post-COVID Program,,,DC,,,,LH Advocacy Project
George Washington University: Covid-19 Recovery Center,,,DC,,,,LH Advocacy Project
MedStar Health COVID Recovery Program,,,DC,,,,LH Advocacy Project
MedStar Health COVID Recovery Program,,,DC,,,,LH Advocacy Project
Dignity Health COVID-19 and Chronic Illness Recovery and Reconditioning program,,,FL,,,,LH Advocacy Project
Dignity Health COVID-19 and Chronic Illness Recovery and Reconditioning program,,,FL,,,,LH Advocacy Project
Dignity Health COVID-19 and Chronic Illness Recovery and Reconditioning program,,,FL,,,,LH Advocacy Project
Arthritis & Rheumatic Disease Specialties (AARDS) COVID-19 Long Hauler Clinic,,,FL,,,,LH Advocacy Project
UF Health COVID RESTORE Treatment Program,,,FL,,,,LH Advocacy Project
Memorial Primary Care Long Haulers Clinic,,,FL,,,,LH Advocacy Project
Watson Clinic Post COVID-19 Clinic,,,FL,,,,LH Advocacy Project
University of Miami Health System COVID-19 Heart Program,,,FL,,,,LH Advocacy Project
Dignity Health COVID-19 and Chronic Illness Recovery and Reconditioning program,,,GA,,,,LH Advocacy Project
Dignity Health COVID-19 and Chronic Illness Recovery and Reconditioning program,,,GA,,,,LH Advocacy Project
Dignity Health COVID-19 and Chronic Illness Recovery and Reconditioning program,,,GA,,,,LH Advocacy Project
Dignity Health COVID-19 and Chronic Illness Recovery and Reconditioning program,,,GA,,,,LH Advocacy Project
AbsoluteCARE Medical Center and Pharmacy Long COVID Clinic,,,GA,,,,LH Advocacy Project
Emory Executive Park Post-COVID Clinic,,,GA,,,,LH Advocacy Project
Piedmont Pulmonary COVID Recovery Clinic,,,GA,,,,LH Advocacy Project
Results Physiotherapy Post-Covid Rehabilitation,,,GA,,,,LH Advocacy Project
Results Physiotherapy Post-Covid Rehabilitation,,,GA,,,,LH Advocacy Project
Results Physiotherapy Post-Covid Rehabilitation,,,GA,,,,LH Advocacy Project
Rehabilitation and Therapy Services at Augusta University Medical Center,,,GA,,,,LH Advocacy Project
Guam Memorial Hospital Authority,,,GU,,,,LH Advocacy Project
U.S. Naval Hospital Guam.,,,GU,,,,LH Advocacy Project
The Queen’s Health Systems Post COVID Recovery and Care Clinic,,,HI,,,,LH Advocacy Project
Hawaii Pacific Health COVID-19 Virtual Clinic & Monitoring Program,,,HI,,,,LH Advocacy Project
St. Luke's Clinic – COVID Recovery,,,ID,,,,LH Advocacy Project
Rehabilitation Hospital of the Northwest,,,ID,,,,LH Advocacy Project
Northern Idaho Acute Care Hospital,,,ID,,,,LH Advocacy Project
Dignity Health COVID-19 and Chronic Illness Recovery and Reconditioning program,,,IL,,,,LH Advocacy Project
Dignity Health COVID-19 and Chronic Illness Recovery and Reconditioning program,,,IL,,,,LH Advocacy Project
Dignity Health COVID-19 and Chronic Illness Recovery and Reconditioning program,,,IL,,,,LH Advocacy Project
Advocate Health Care Post-COVID Recovery Clinic,,,IL,,,,LH Advocacy Project
Humboldt Park Health Post-COVID-19 Clinic,,,IL,,,,LH Advocacy Project
University of Chicago Medicine Post COVID Recovery Clinic,,,IL,,,,LH Advocacy Project
Northwestern Medicine Comprehensive COVID-19 Center,,,IL,,,,LH Advocacy Project
Northwestern Medicine Comprehensive COVID-19 Center,,,IL,,,,LH Advocacy Project
Northwestern Medicine Comprehensive COVID-19 Center,,,IL,,,,LH Advocacy Project
Northwestern Medicine Comprehensive COVID-19 Center,,,IL,,,,LH Advocacy Project
Northwestern Medicine Comprehensive COVID-19 Center,,,IL,,,,LH Advocacy Project
Northwestern Memorial Hospital Neuro Covid-19 Clinic,,,IL,,,,LH Advocacy Project
Shirley Ryan AbilityLab COVID Care Unit,,,IL,,,,LH Advocacy Project
UI Health Post-COVID Clinic,,,IL,,,,LH Advocacy Project
Neurology COVID Clinic at Loyola Medicine,,,IL,,,,LH Advocacy Project
Edward-Elmhurst Health Post-COVID Neuro Care Clinic,,,IL,,,,LH Advocacy Project
Edward-Elmhurst Health Post-COVID Neuro Care Clinic,,,IL,,,,LH Advocacy Project
Edward-Elmhurst Health Post-COVID Neuro Care Clinic,,,IL,,,,LH Advocacy Project
Edward-Elmhurst Health Post-COVID Neuro Care Clinic,,,IL,,,,LH Advocacy Project
Edward-Elmhurst Health Post-COVID Neuro Care Clinic,,,IL,,,,LH Advocacy Project
Edward-Elmhurst Health Post-COVID Neuro Care Clinic,,,IL,,,,LH Advocacy Project
Edward-Elmhurst Health Post-COVID Neuro Care Clinic,,,IL,,,,LH Advocacy Project
SIU Medicine Post-COVID Recovery Clinic,,,IL,,,,LH Advocacy Project
Dignity Health COVID-19 and Chronic Illness Recovery and Reconditioning program,,,IN,,,,LH Advocacy Project
Dignity Health COVID-19 and Chronic Illness Recovery and Reconditioning program,,,IN,,,,LH Advocacy Project
Dignity Health COVID-19 and Chronic Illness Recovery and Reconditioning program,,,IN,,,,LH Advocacy Project
Results Physiotherapy Post-Covid Rehabilitation,,,IN,,,,LH Advocacy Project
Results Physiotherapy Post-Covid Rehabilitation,,,IN,,,,LH Advocacy Project
Parkview Physicians Group Post-COVID Clinic,,,IN,,,,LH Advocacy Project
IU Health ICU Survivor Center,,,IN,,,,LH Advocacy Project
Lafayette Regional Rehabilitation Hospital,,,IN,,,,LH Advocacy Project
Rehabilitation Hospital of Northern Indiana Post-COVID Care,,,IN,,,,LH Advocacy Project
Dignity Health COVID-19 and Chronic Illness Recovery and Reconditioning program,,,IA,,,,LH Advocacy Project
Dignity Health COVID-19 and Chronic Illness Recovery and Reconditioning program,,,IA,,,,LH Advocacy Project
Dignity Health COVID-19 and Chronic Illness Recovery and Reconditioning program,,,IA,,,,LH Advocacy Project
On With Life Outpatient Post-COVID Neurological Rehabilitation Program,,,IA,,,,LH Advocacy Project
On With Life Outpatient Post-COVID Neurological Rehabilitation Program,,,IA,,,,LH Advocacy Project
University of Iowa Health Care Post COVID-19 Clinic,,,IA,,,,LH Advocacy Project
Post COVID-19 - The University Of Kansas Health System,,,KS,,,,LH Advocacy Project
Dignity Health COVID-19 and Chronic Illness Recovery and Reconditioning program,,,KY,,,,LH Advocacy Project
Dignity Health COVID-19 and Chronic Illness Recovery and Reconditioning program,,,KY,,,,LH Advocacy Project
Dignity Health COVID-19 and Chronic Illness Recovery and Reconditioning program,,,KY,,,,LH Advocacy Project
Dignity Health COVID-19 and Chronic Illness Recovery and Reconditioning program,,,KY,,,,LH Advocacy Project
Results Physiotherapy Post-Covid Rehabilitation,,,KY,,,,LH Advocacy Project
Results Physiotherapy Post-Covid Rehabilitation,,,KY,,,,LH Advocacy Project
Results Physiotherapy Post-Covid Rehabilitation,,,KY,,,,LH Advocacy Project
Norton Healthcare COVID-19 Long-Term Care Clinic- Adult,,,KY,,,,LH Advocacy Project
Norton Healthcare COVID-19 Long-Term Care Clinic-Pediatric,,,KY,,,,LH Advocacy Project
UK HealthCare Pulmonary Rehabilitation Clinic,,,KY,,,,LH Advocacy Project
Tulane Neurology Post COVID Care Clinic,,,LA,,,,LH Advocacy Project
Children's Hospital New Orleans Post-COVID-19 Clinic,,,LA,,,,LH Advocacy Project
Bay State Physical Therapy Post-Acute COVID Care,,,ME,,,,LH Advocacy Project
Bay State Physical Therapy Post-Acute COVID Care,,,ME,,,,LH Advocacy Project
Bay State Physical Therapy Post-Acute COVID Care,,,ME,,,,LH Advocacy Project
Kennedy Krieger Institute - Pediatric Post COVID-19 Rehabilitation Clinic,,,MD,,,,LH Advocacy Project
Johns Hopkins Medicine Post Acute COVID Team (PACT),,,MD,,,,LH Advocacy Project
UM Rehabilitation and Orthopaedic Institute COVID Recovery Rehabilitation Unit,,,MD,,,,LH Advocacy Project
MedStar Health COVID Recovery Program,,,MD,,,,LH Advocacy Project
Lawrence General Hospital Post-COVID Recovery Program,,,MA,,,,LH Advocacy Project
Lawrence General Hospital Post-COVID Recovery Program,,,MA,,,,LH Advocacy Project
Lawrence General Hospital Post-COVID Recovery Program,,,MA,,,,LH Advocacy Project
Boston Children's Hospital Post-COVID Clinic,,,MA,,,,LH Advocacy Project
Brigham and Women’s Hospital COVID Recovery Center,,,MA,,,,LH Advocacy Project
Spaulding Rehabilitation Hospital Post COVID-19 Outpatient Rehabilitation Program,,,MA,,,,LH Advocacy Project
Beth Israel Deaconess Medical Center Critical Illness and COVID-19 Survivorship Program,,,MA,,,,LH Advocacy Project
Emerson Hospital COVID-19 Recovery Program,,,MA,,,,LH Advocacy Project
Newton-Wellesley Hospital - Rehabilitation Services Post-COVID Physical Therapy Program,,,MA,,,,LH Advocacy Project
Motion PT Post-COVID Recovery Program,,,MA,,,,LH Advocacy Project
Bay State Physical Therapy Post-Acute COVID Care,,,MA,,,,LH Advocacy Project
Dignity Health COVID-19 and Chronic Illness Recovery and Reconditioning program,,,MI,,,,LH Advocacy Project
Dignity Health COVID-19 and Chronic Illness Recovery and Reconditioning program,,,MI,,,,LH Advocacy Project
Dignity Health COVID-19 and Chronic Illness Recovery and Reconditioning program,,,MI,,,,LH Advocacy Project
Pediatric Post-COVID Syndrome Clinic at Michigan Medicine C.S. Mott Children’s Hospital,,,MI,,,,LH Advocacy Project
University of Michigan Clinic,,,MI,,,,LH Advocacy Project
Michigan Medicine Physical Medicine and Rehabilitation,,,MI,,,,LH Advocacy Project
Dignity Health COVID-19 and Chronic Illness Recovery and Reconditioning program,,,MN,,,,LH Advocacy Project
Dignity Health COVID-19 and Chronic Illness Recovery and Reconditioning program,,,MN,,,,LH Advocacy Project
Dignity Health COVID-19 and Chronic Illness Recovery and Reconditioning program,,,MN,,,,LH Advocacy Project
Hennepin Healthcare Post-Acute COVID-19 Recovery Clinic,,,MN,,,,LH Advocacy Project
M Health Fairview Adult Post-COVID Clinic,,,MN,,,,LH Advocacy Project
Pediatric COVID-19 Clinic (mhealthfairview.org),,,MN,,,,LH Advocacy Project
M Health Fairview ICU Survivorship Clinic,,,MN,,,,LH Advocacy Project
Essentia Health Post COVID-19 Rehabilitation Program,,,MN,,,,LH Advocacy Project
Mayo Clinic COVID-19 Activity Rehabilitation Program,,,MN,,,,LH Advocacy Project
Courage Kenny Rehabilitation Institute-Allina Health,,,MN,,,,LH Advocacy Project
Courage Kenny Rehabilitation Institute-Allina Health,,,MN,,,,LH Advocacy Project
Dignity Health COVID-19 and Chronic Illness Recovery and Reconditioning program,,,MS,,,,LH Advocacy Project
Results Physiotherapy Post-Covid Rehabilitation,,,MS,,,,LH Advocacy Project
Results Physiotherapy Post-Covid Rehabilitation,,,MS,,,,LH Advocacy Project
Results Physiotherapy Post-Covid Rehabilitation,,,MS,,,,LH Advocacy Project
Recovery After COVID Clinic at Methodist Rehabilitation Center,,,MS,,,,LH Advocacy Project
Dignity Health COVID-19 and Chronic Illness Recovery and Reconditioning program,,,MO,,,,LH Advocacy Project
Dignity Health COVID-19 and Chronic Illness Recovery and Reconditioning program,,,MO,,,,LH Advocacy Project
Dignity Health COVID-19 and Chronic Illness Recovery and Reconditioning program,,,MO,,,,LH Advocacy Project
North Kansas City Hospital Long COVID Rehab,,,MO,,,,LH Advocacy Project
University Health Center for COVID Recovery,,,MO,,,,LH Advocacy Project
University of Missouri COVID Recovery Program,,,MO,,,,LH Advocacy Project
Washington University Complete Care Care and Recovery After COVID-19 (CARE) Clinic,,,MO,,,,LH Advocacy Project
University of Missouri-St. Louis Community Psychological Service,,,MO,,,,LH Advocacy Project
Advanced Care Hospital of Montana ,,,MT,,,,LH Advocacy Project
Benefis Health System Post-COVID-19 Recovery Program,,,MT,,,,LH Advocacy Project
Children’s Hospital & Medical Center Clinic for Pediatric Long Haulers,,,NE,,,,LH Advocacy Project
Nebraska Medicine Post COVID Clinic,,,NE,,,,LH Advocacy Project
UMC Southern Nevada Quick Care COVID Recovery Clinic,,,NV,,,,LH Advocacy Project
Center for Physical Therapy and Exercise (CPTE) Post Acute Covid Syndrome (PACS) PT-OT Rehabilitation Program,,,NH,,,,LH Advocacy Project
Center Physical Therapy Exercise (CPTE) ,,,NH,,,,LH Advocacy Project
Center Physical Therapy Exercise (CPTE) ,,,NH,,,,LH Advocacy Project
Center Physical Therapy Exercise (CPTE) ,,,NH,,,,LH Advocacy Project
Center Physical Therapy Exercise (CPTE) ,,,NH,,,,LH Advocacy Project
Dartmouth-Hitchcock Post-Acute COVID Syndrome Clinic,,,NH,,,,LH Advocacy Project
Deborah Heart and Lung Center Post-COVID Recovery Program,,,NJ,,,,LH Advocacy Project
Atlantic COVID Recovery Center,,,NJ,,,,LH Advocacy Project
Atlantic COVID Recovery Center,,,NJ,,,,LH Advocacy Project
Atlantic COVID Recovery Center,,,NJ,,,,LH Advocacy Project
Penn Medicine Post-COVID Assessment & Recovery Clinic,,,NJ,,,,LH Advocacy Project
Advantage Therapy Centers Post-COVID Rehabilitation Program,,,NJ,,,,LH Advocacy Project
Advantage Therapy Centers Post-COVID Rehabilitation Program,,,NJ,,,,LH Advocacy Project
Advantage Therapy Centers Post-COVID Rehabilitation Program,,,NJ,,,,LH Advocacy Project
CentraState Post-COVID Syndrome Treatment Program,,,NJ,,,,LH Advocacy Project
Hackensack Meridian Health's COVID Recovery Center,,,NJ,,,,LH Advocacy Project
Hackensack Meridian Health's COVID Recovery Center Rehabilitation Program at JFK Johnson Rehabilitation Institute,,,NJ,,,,LH Advocacy Project
Hackensack Meridian Children’s Health Pediatric COVID-19 Recovery Center,,,NJ,,,,LH Advocacy Project
CarePoint Health COVID Care Center,,,NJ,,,,LH Advocacy Project
Monmouth Medical Center Southern Campus [MMCSC] Post-COVID Recovery Program,,,NJ,,,,LH Advocacy Project
Pediatric Post-COVID Care Program Barnabas Health,,,NJ,,,,LH Advocacy Project
Kessler Rehabilitation Center Recovery and Reconditioning Program,,,NJ,,,,LH Advocacy Project
AtlantiCare Post-COVID-19 Long-Haul Clinic,,,NJ,,,,LH Advocacy Project
Saint Peter’s University Hospital Post-COVID-19 Clinic,,,NJ,,,,LH Advocacy Project
University Hospital Comprehensive COVID-19 Recovery Program,,,NJ,,,,LH Advocacy Project
Deborah Heart and Lung Center Post-COVID Recovery Program,,,NJ,,,,LH Advocacy Project
Rehabilitation Hospital of Southern New Mexico,,,NM,,,,LH Advocacy Project
Trustpoint Rehabilitation Hospital of Lubbock,,,NM,,,,LH Advocacy Project
Lovelace Health System Post-COVID Recovery Services,,,NM,,,,LH Advocacy Project
Albany Medical College Post-COVID Care Clinic,,,NY,,,,LH Advocacy Project
Nathan Littauer Hospital & Nursing Home COVID Recovery Program,,,NY,,,,LH Advocacy Project
Northwell Health COVID Ambulatory Resource Support (CARES) Program,,,NY,,,,LH Advocacy Project
Mount Sinai Center for Post-COVID Care,,,NY,,,,LH Advocacy Project
Mount Sinai Post-COVID Cardiac Clinic,,,NY,,,,LH Advocacy Project
NYU Langone Post-COVID Care Program,,,NY,,,,LH Advocacy Project
Weill Cornell Medicine Post-ICU Recovery Clinic,,,NY,,,,LH Advocacy Project
Columbia University - Virtual Rehabilitation Program,,,NY,,,,LH Advocacy Project
Columbia Primary Care Post COVID Care Program,,,NY,,,,LH Advocacy Project
Dynamic Sports Physical Therapy Post Acute COVID Syndrome Rehabilitation Program,,,NY,,,,LH Advocacy Project
Pulmonary Wellness & Rehabilitation Complex,,,NY,,,,LH Advocacy Project
Montefiore Department of Medicine CORE (COVID-19 Recovery) Clinic,,,NY,,,,LH Advocacy Project
Maimonides Center for Post-COVID Care,,,NY,,,,LH Advocacy Project
Maimonides Doctors Brighton Beach Post-COVID Care Centers for Adults,,,NY,,,,LH Advocacy Project
Maimonides Medical Center-Post-COVID Care Centers for Children,,,NY,,,,LH Advocacy Project
Downstate University Hospital,,,NY,,,,LH Advocacy Project
Jamaica Hospital Medical Center Post-COVID Care Center,,,NY,,,,LH Advocacy Project
Sunnyview Rehabilitation Hospital Long-Haul COVID Program,,,NY,,,,LH Advocacy Project
Richmond University Medical Center Post-COVID Care Center,,,NY,,,,LH Advocacy Project
Richmond University Medical Center Post-COVID Care Center,,,NY,,,,LH Advocacy Project
Staten Island University Hospital Post-COVID Recovery Center,,,NY,,,,LH Advocacy Project
NYU Langone Huntington Medical Group COVID-19 Recovery Care,,,NY,,,,LH Advocacy Project
NYU Langone Huntington Medical Group COVID-19 Recovery Care,,,NY,,,,LH Advocacy Project
NYU Langone Huntington Medical Group COVID-19 Recovery Care,,,NY,,,,LH Advocacy Project
Stony Brook Medicine Post-COVID Clinic,,,NY,,,,LH Advocacy Project
"St. Charles Hospital Post-COVID Outpatient Rehabilitation Program, Catholic Health Services",,,NY,,,,LH Advocacy Project
SPEAR Physical Therapy (Westchester),,,NY,,,,LH Advocacy Project
WMCHealth Post-COVID-19 Recovery Program (Westchester Medical Centre Health Network),,,NY,,,,LH Advocacy Project
St. John’s Riverside Hospital Post-COVID Care Program,,,NY,,,,LH Advocacy Project
Ellenville Regional Hospital rehabilitation,,,NY,,,,LH Advocacy Project
Dignity Health COVID-19 and Chronic Illness Recovery and Reconditioning program,,,NC,,,,LH Advocacy Project
Dignity Health COVID-19 and Chronic Illness Recovery and Reconditioning program,,,NC,,,,LH Advocacy Project
Dignity Health COVID-19 and Chronic Illness Recovery and Reconditioning program,,,NC,,,,LH Advocacy Project
Results Physiotherapy Post-Covid Rehabilitation,,,NC,,,,LH Advocacy Project
Results Physiotherapy Post-Covid Rehabilitation,,,NC,,,,LH Advocacy Project
Results Physiotherapy Post-Covid Rehabilitation,,,NC,,,,LH Advocacy Project
Results Physiotherapy Post-Covid Rehabilitation,,,NC,,,,LH Advocacy Project
Mountain Area Health Education Center (MAHEC) Internal Medicine Post-Acute COVID-19 Care Clinic,,,NC,,,,LH Advocacy Project
UNC Health COVID Recovery Clinic at the Center for Rehabilitation Care,,,NC,,,,LH Advocacy Project
Flow Therapy Long COVID Treatment,,,NC,,,,LH Advocacy Project
WakeMed Rehabilitation Center COVID-19 Recovery Program,,,NC,,,,LH Advocacy Project
Post COVID Recovery Care | Atrium Health,,,NC,,,,LH Advocacy Project
Essentia Health COVID-rehab program,,,ND,,,,LH Advocacy Project
Dignity Health COVID-19 and Chronic Illness Recovery and Reconditioning program,,,OH,,,,LH Advocacy Project
Dignity Health COVID-19 and Chronic Illness Recovery and Reconditioning program,,,OH,,,,LH Advocacy Project
Dignity Health COVID-19 and Chronic Illness Recovery and Reconditioning program,,,OH,,,,LH Advocacy Project
University Hospitals COVID Recovery Clinic,,,OH,,,,LH Advocacy Project
University Hospitals COVID Recovery Clinic,,,OH,,,,LH Advocacy Project
TriHealth PROS (Physical Rehabilitation Outpatient Specialists),,,OH,,,,LH Advocacy Project
TriHealth PROS (Physical Rehabilitation Outpatient Specialists),,,OH,,,,LH Advocacy Project
Summa Health Post-COVID Clinic,,,OH,,,,LH Advocacy Project
UC Health’s Post COVID Clinic,,,OH,,,,LH Advocacy Project
Cleveland Clinic Post-COVID Cardiovascular Recovery Center,,,OH,,,,LH Advocacy Project
Cleveland Clinic Post-ICU Recovery Clinic (PIRC),,,OH,,,,LH Advocacy Project
MetroHealth Post-COVID Clinic,,,OH,,,,LH Advocacy Project
The Ohio State University Wexner Medical Center Post-COVID Recovery Program,,,OH,,,,LH Advocacy Project
Memorial Health System Post COVID Care Center,,,OH,,,,LH Advocacy Project
Memorial Health System Post COVID Care Center,,,OH,,,,LH Advocacy Project
Metro Health Post COVID Clinic-Post-COVID Clinic,,,OH,,,,LH Advocacy Project
Southwest General COVID-19 Recovery Program,,,OH,,,,LH Advocacy Project
Southwest General COVID-19 Recovery Program,,,OH,,,,LH Advocacy Project
Southwest General COVID-19 Recovery Program,,,OH,,,,LH Advocacy Project
Southwest General COVID-19 Recovery Program,,,OH,,,,LH Advocacy Project
Southwest General COVID-19 Recovery Program,,,OH,,,,LH Advocacy Project
Southwest General COVID-19 Recovery Program,,,OH,,,,LH Advocacy Project
Southwest General COVID-19 Recovery Program,,,OH,,,,LH Advocacy Project
Rehabilitation Hospital of the Northwest Ohio,,,OH,,,,LH Advocacy Project
Dignity Health COVID-19 and Chronic Illness Recovery and Reconditioning program,,,OK,,,,LH Advocacy Project
Dignity Health COVID-19 and Chronic Illness Recovery and Reconditioning program,,,OK,,,,LH Advocacy Project
Dignity Health COVID-19 and Chronic Illness Recovery and Reconditioning program,,,OK,,,,LH Advocacy Project
INTEGRIS Health’s Post-COVID Recovery Program,,,OK,,,,LH Advocacy Project
Post-COVID Recovery Care Hillcrest HealthCare,,,OK,,,,LH Advocacy Project
OHSU Long COVID Program,,,OR,,,,LH Advocacy Project
Penn Medicine Lancaster General Health Post-COVID-19 Recovery and Rehabilitation Therapy,,,PA,,,,LH Advocacy Project
Main Line Health Post-COVID Recovery Program,,,PA,,,,LH Advocacy Project
Penn Medicine’s Post-COVID Recovery Clinic,,,PA,,,,LH Advocacy Project
Penn Medicine’s Post-COVID Recovery Clinic,,,PA,,,,LH Advocacy Project
Temple Health Lung Center Post-COVID Recovery Clinic,,,PA,,,,LH Advocacy Project
Temple Health Lung Center Post-COVID Recovery Clinic,,,PA,,,,LH Advocacy Project
Temple Health Lung Center Post-COVID Recovery Clinic,,,PA,,,,LH Advocacy Project
Temple Health Lung Center Post-COVID Recovery Clinic,,,PA,,,,LH Advocacy Project
University of Pittsburgh Medical Center (UPMC) Post-COVID Recovery Clinic,,,PA,,,,LH Advocacy Project
Allegheny Health Network (AHN) Post-COVID-19 Recovery Clinic,,,PA,,,,LH Advocacy Project
WellSpan COVID Care,,,PA,,,,LH Advocacy Project
St. Lukes COVID Recovery Clinic,,,PA,,,,LH Advocacy Project
"Clínica Post COVID-19 de Salud Integral en la Montaña, Inc., (SIM)",,,PR,,,,LH Advocacy Project
Spaulding Rehabilitation Network Post COVID-19 Outpatient Rehabilitation Program,,,RI,,,,LH Advocacy Project
Spaulding Rehabilitation Network Post COVID-19 Outpatient Rehabilitation Program,,,RI,,,,LH Advocacy Project
Spaulding Rehabilitation Network Post COVID-19 Outpatient Rehabilitation Program,,,RI,,,,LH Advocacy Project
Spaulding Rehabilitation Network Post COVID-19 Outpatient Rehabilitation Program,,,RI,,,,LH Advocacy Project
Bay State Physical Therapy Post-Acute COVID Care,,,RI,,,,LH Advocacy Project
Bay State Physical Therapy Post-Acute COVID Care,,,RI,,,,LH Advocacy Project
Bay State Physical Therapy Post-Acute COVID Care,,,RI,,,,LH Advocacy Project
Bay State Physical Therapy Post-Acute COVID Care,,,RI,,,,LH Advocacy Project
Dignity Health COVID-19 and Chronic Illness Recovery and Reconditioning program,,,SC,,,,LH Advocacy Project
Dignity Health COVID-19 and Chronic Illness Recovery and Reconditioning program,,,SC,,,,LH Advocacy Project
Dignity Health COVID-19 and Chronic Illness Recovery and Reconditioning program,,,SC,,,,LH Advocacy Project
Dignity Health COVID-19 and Chronic Illness Recovery and Reconditioning program,,,SC,,,,LH Advocacy Project
Results Physiotherapy Post-Covid Rehabilitation,,,SC,,,,LH Advocacy Project
Results Physiotherapy Post-Covid Rehabilitation,,,SC,,,,LH Advocacy Project
Results Physiotherapy Post-Covid Rehabilitation,,,SC,,,,LH Advocacy Project
Midlands Regional Rehabilitation Hospital,,,SC,,,,LH Advocacy Project
Greenwood Regional Rehabilitation Hospital,,,SC,,,,LH Advocacy Project
Spartanburg Rehabilitation Institute,,,SC,,,,LH Advocacy Project
Post-COVID19 Recovery - Prairie Rehabilitation,,,SD,,,,LH Advocacy Project
Post-COVID19 Recovery - Prairie Rehabilitation,,,SD,,,,LH Advocacy Project
Post-COVID19 Recovery - Prairie Rehabilitation,,,SD,,,,LH Advocacy Project
Post-COVID19 Recovery - Prairie Rehabilitation,,,SD,,,,LH Advocacy Project
Post-COVID19 Recovery - Prairie Rehabilitation,,,SD,,,,LH Advocacy Project
Post-COVID19 Recovery - Prairie Rehabilitation,,,SD,,,,LH Advocacy Project
Dignity Health COVID-19 and Chronic Illness Recovery and Reconditioning program,,,TN,,,,LH Advocacy Project
Dignity Health COVID-19 and Chronic Illness Recovery and Reconditioning program,,,TN,,,,LH Advocacy Project
Dignity Health COVID-19 and Chronic Illness Recovery and Reconditioning program,,,TN,,,,LH Advocacy Project
Results Physiotherapy Post-Covid Rehabilitation,,,TN,,,,LH Advocacy Project
Results Physiotherapy Post-Covid Rehabilitation,,,TN,,,,LH Advocacy Project
Results Physiotherapy Post-Covid Rehabilitation,,,TN,,,,LH Advocacy Project
Results Physiotherapy Post-Covid Rehabilitation,,,TN,,,,LH Advocacy Project
Results Physiotherapy Post-Covid Rehabilitation,,,TN,,,,LH Advocacy Project
Results Physiotherapy Post-Covid Rehabilitation,,,TN,,,,LH Advocacy Project
Post-COVID Clinic at the Hixson Lung Center,,,TN,,,,LH Advocacy Project
New Life Medical Group Long COVID Clinic,,,TN,,,,LH Advocacy Project
Ballad Health Center for Post-COVID Care,,,TN,,,,LH Advocacy Project
Regional One Health Outpatient Center Post-COVID-19 Clinic,,,TN,,,,LH Advocacy Project
Vanderbilt Adult Post-Acute COVID Clinic,,,TN,,,,LH Advocacy Project
Ascension Medical Group Saint Thomas Post-Acute COVID Care Clinic,,,TN,,,,LH Advocacy Project
Dignity Health COVID-19 and Chronic Illness Recovery and Reconditioning program,,,TX,,,,LH Advocacy Project
Dignity Health COVID-19 and Chronic Illness Recovery and Reconditioning program,,,TX,,,,LH Advocacy Project
Results Physiotherapy Post-Covid Rehabilitation,,,TX,,,,LH Advocacy Project
Results Physiotherapy Post-Covid Rehabilitation,,,TX,,,,LH Advocacy Project
Results Physiotherapy Post-Covid Rehabilitation,,,TX,,,,LH Advocacy Project
Texas NeuroRehab Center COVID-19 Continuum Care Program,,,TX,,,,LH Advocacy Project
UT Health Austin Post-COVID-19 Program,,,TX,,,,LH Advocacy Project
South Texas Rehabilitation Hospital,,,TX,,,,LH Advocacy Project
Nexus Neurorecovery Center Post-COVID Program,,,TX,,,,LH Advocacy Project
Corpus Christi Rehabilitation Hospital,,,TX,,,,LH Advocacy Project
UT Southwestern Medical Center Department of Physical Medicine and Rehabilitation: COVID RECOVER,,,TX,,,,LH Advocacy Project
UT Southwestern Medical Center Department of Physical Medicine and Rehabilitation: COVID RECOVER,,,TX,,,,LH Advocacy Project
JPS Health Network COVID-19 Post-Recovery Clinic,,,TX,,,,LH Advocacy Project
University of Texas Medical Department (UTMB) Post-COVID Recovery Clinic,,,TX,,,,LH Advocacy Project
Breathing Center of Houston Post COVID-19 Rehab Program,,,TX,,,,LH Advocacy Project
Houston Methodist Advanced Lung Disease (Post COVID Care) Program,,,TX,,,,LH Advocacy Project
UTHealth COVID-19 Center of Excellence,,,TX,,,,LH Advocacy Project
UTHealth COVID-19 Center of Excellence,,,TX,,,,LH Advocacy Project
Memorial Hermann Rehabilitation Network COVID-19 Rehabilitation Program,,,TX,,,,LH Advocacy Project
Laredo Rehabilitation Hospital,,,TX,,,,LH Advocacy Project
Trustpoint Rehabilitation Hospital of Lubbock,,,TX,,,,LH Advocacy Project
Mesquite Rehabilitation Institute & Mesquite Specialty Hospital,,,TX,,,,LH Advocacy Project
South Texas Rehabilitation Hospital,,,TX,,,,LH Advocacy Project
University Health’s Post-COVID Recovery Clinic,,,TX,,,,LH Advocacy Project
UT Health East Texas COVID-19 Recovery Clinic,,,TX,,,,LH Advocacy Project
University of Texas Medical Branch (UTMB) Post-COVID Recovery Clinic - Clear Lake Campus in Webster,,,TX,,,,LH Advocacy Project
Weslaco Regional Rehabilitation Hospital,,,TX,,,,LH Advocacy Project
Baylor Post COVID Care Clinic,,,TX,,,,LH Advocacy Project
UTMB Health Post COVID Care Clinic,,,TX,,,,LH Advocacy Project
UT Health San Antonio,,,TX,,,,LH Advocacy Project
Northern Utah Rehabilitation Hospital,,,UT,,,,LH Advocacy Project
Utah Valley Specialty Hospital,,,UT,,,,LH Advocacy Project
Bateman Horne Center Long COVID Care,,,UT,,,,LH Advocacy Project
The University of Utah Health Post-COVID Care Clinic,,,UT,,,,LH Advocacy Project
UVM Health Network COVID Recovery Program,,,VT,,,,LH Advocacy Project
,,,VI,,,,LH Advocacy Project
Centra Health Post-COVID Recovery Care Program,,,VA,,,,LH Advocacy Project
Sheltering Arms Post-Covid-19 Rehabilitation Program,,,VA,,,,LH Advocacy Project
Sheltering Arms Post-Covid-19 Rehabilitation Program,,,VA,,,,LH Advocacy Project
Inova Post COVID-19 Recovery and Rehabilitation Care Centers,,,VA,,,,LH Advocacy Project
Inova Post COVID-19 Recovery and Rehabilitation Care Centers,,,VA,,,,LH Advocacy Project
Inova Post COVID-19 Recovery and Rehabilitation Care Centers,,,VA,,,,LH Advocacy Project
Inova Post COVID-19 Recovery and Rehabilitation Care Centers,,,VA,,,,LH Advocacy Project
Inova Post COVID-19 Recovery and Rehabilitation Care Centers,,,VA,,,,LH Advocacy Project
Sentara Norfolk General Hospital,,,VA,,,,LH Advocacy Project
VCU Health Long COVID-19 Clinic,,,VA,,,,LH Advocacy Project
UW Medicine Post-COVID-19 Rehabilitation and Recovery Clinic at Harborview Medical Center,,,WA,,,,LH Advocacy Project
UW Medicine Post-COVID Telehealth Clinic,,,WA,,,,LH Advocacy Project
Wheeling Hospital Post-COVID Outpatient Rehabilitation Program,,,WV,,,,LH Advocacy Project
Prevea COVID-19 Recovery Clinic,,,WI,,,,LH Advocacy Project
Prevea COVID-19 Recovery Clinic Location- Multiple,,,WI,,,,LH Advocacy Project
Prevea Health COVID Recovery Clinic- MAIN,,,WI,,,,LH Advocacy Project
Bellin Health Long COVID Care,,,WI,,,,LH Advocacy Project
Froedert & Medical College of Wisconsin Post-COVID Multispecialty Clinic,,,WI,,,,LH Advocacy Project
Essentia Health Post COVID-19 Rehabilitation Program,,,WI,,,,LH Advocacy Project
Ascension Medical Group Post-Acute COVID Care,,,WI,,,,LH Advocacy Project
Courage Kenny Rehabilitation Institute-Allina Health,,,WI,,,,LH Advocacy Project
Elkhorn Valley Rehabilitation Hospital,,,WY,,,,LH Advocacy Project